X1,X2,X3,X4,X5,Y
54.96714153011233,34.630887737658206,127.98710873172004,76.2268886093331,35.94893035015371,306.49896962869974
48.61735698828815,39.54708320235065,118.49267365825537,65.59051426937174,39.13288797570689,293.0460303507345
56.47688538100692,23.007162130904295,101.19260739840348,63.45440893262154,35.24548047400023,287.20483695838976
65.23029856408026,32.81484618345286,87.06126444588853,69.97300434071238,38.152230822165755,309.403622214439
47.658466252766644,26.746787154390866,113.96446627227179,68.63852301980057,28.63831199827729,246.38275062541246
47.6586304305082,27.56437308117652,107.86970770843499,66.3741756053818,41.27976224423763,271.2161643344278
65.79212815507391,27.038030378805654,117.90386440055465,75.57109957965372,40.007232852173345,365.833726622933
57.67434729152909,25.68004615160092,112.70343603363939,77.64244166856409,35.09746821359086,312.0164921259565
45.30525614065048,30.242608139724133,120.9910543063867,70.70725509033478,43.95547401059443,270.81149993425345
55.42560043585965,25.84524941794481,89.29529576878863,81.8202406484421,45.62542082575935,288.9507112760563
45.365823071875376,31.352284128899193,126.34788131268651,60.86648708693196,30.354640813786155,264.7993521167266
45.34270246429743,29.748809452754315,103.95199209384799,68.45072432576225,35.423651328602716,264.32405407080137
52.41962271566034,28.80525976566795,141.5052174525053,64.26542143517756,35.38514590127621,304.2706070289597
30.86719755342202,25.46218168979201,86.21624363820864,55.06770706341552,34.36058139334681,201.88131933052702
32.75082167486967,27.116143347158335,134.719276063305,69.3385545132584,44.97684905159049,254.3112585594135
44.37712470759027,33.77695612912878,103.95821566925295,69.02601993293374,38.83704316736318,266.06336353371717
39.87168879665576,32.504585938121906,86.97163992771104,82.10759794593704,38.412910952136336,240.78563832102876
53.142473325952736,25.112223776007244,90.32228331891356,75.04649347643821,27.97682581355948,238.3492095369586
40.91975924478789,30.49666152714613,93.5930538361136,61.80650540536636,43.81250818125536,254.88282470917926
35.87696298664709,33.75693561685895,108.48331892803833,84.8327405306735,32.56444963087917,218.48738334311562
64.65648768921554,21.652973594393142,110.45670976071,79.76826956420282,40.35959578159797,331.6691237002827
47.74223699513465,32.71680096189967,88.52599992122842,74.65678162774893,41.66426162774915,300.6708242275505
50.67528204687924,26.686881205270765,99.51290815478035,68.18812720920134,48.1639515750319,301.7850200228347
35.75251813786544,32.852993342965796,142.8454071722373,62.32448610621216,32.147077605285325,239.83911634856162
44.556172754748175,26.183704217287417,134.55086340201422,67.02234579143158,21.882927065075048,253.92781911517426
51.10922589709866,20.975589496677404,108.72647339348065,78.70998895763348,41.10309726852217,294.7239877971728
38.490064225776976,21.862287810584185,100.760069563364,85.07669044747688,50.803067089065124,271.65730654166157
53.75698018345672,30.24042473330691,102.40062653436523,82.34594822617751,47.433678117636624,313.40711598498274
43.99361310081195,31.29861250860741,112.27035945460833,66.08920462570981,41.257956491647754,291.19736766133093
47.083062502067236,25.478416874477958,79.5441486960319,61.04306053368791,37.050182886207715,243.81274327337394
43.98293387770603,33.19296229388687,94.8524692515331,71.12708997528964,44.84273557982386,273.79682818664685
68.52278184508938,21.6923996886552,66.62831852244821,55.852485075497185,34.15872280177319,297.9361391002233
49.86502775262066,29.66960100676342,107.98446245210559,72.58534171347826,42.85814661613732,294.8587341796119
39.422890710440996,23.944919001187717,112.94391879405482,68.81917930961065,43.032820954999764,251.61940832348898
58.225449121031886,26.740819460989204,90.33627075401252,66.27170798505406,46.36125944499328,308.3933334940377
37.791563500289776,30.23699335658207,131.47973526580066,57.242375461865635,56.55796023346647,289.27957945832355
52.08863595004755,25.69793317358024,75.48468673995318,74.10880085255774,42.3544958030726,288.47541001971155
30.403298761202244,28.077222278850872,70.7125023958036,65.7383932827047,36.946218245755006,209.64312841244268
36.71813951101569,35.0314640460722,104.48903637119945,60.640665314317694,39.846554126848034,229.63487120787903
51.96861235869123,27.115540652384254,120.94196605224309,47.021902293746805,29.38554457066529,275.6972503535242
57.38466579995411,34.17846056032571,133.67855382915738,69.7798807595949,35.83172121346565,303.5609181938806
51.7136828118997,24.351465726711908,90.8223147426212,84.17801277335795,37.54430537132138,263.05576744289914
48.843517176117594,32.64902088957641,121.57361666862592,83.29007371638296,36.85546961239245,278.85812858320696
46.98896304410711,37.207843103289505,99.22983060998585,66.34322994730982,40.914129232202335,269.32523501716076
35.214780096325725,17.641777499363553,96.54745400118361,65.18230351710575,35.06548040570679,248.3161929644378
42.801557916052914,26.015523722647615,117.67319874973344,73.75019404860019,46.72618400394683,285.02323938452605
45.393612290402125,32.8853606359027,113.0464575682684,62.012916486493666,40.00124238950918,258.93037542681657
60.57122226218915,28.984773069785035,68.47215686031501,72.41433519855573,39.944198073168316,290.19040132135217
53.43618289568462,31.855729366856544,129.53080699451792,76.12864222707752,38.032631700922494,311.35304854045177
32.36959844637266,26.980074066420897,127.60182708294903,79.81546579107446,40.931144103153876,263.6564248155995
53.24083969394795,30.4329489373645,87.48874596980941,69.19876738816038,44.95058958800581,277.50823812038055
46.149177195836835,29.221613823039604,107.91607066874818,68.37060999858427,34.7972187057346,243.20076048196333
43.23077999694041,35.838910308299035,109.88060372565478,62.97613930594751,36.05130106554846,275.4448957384634
56.11676288840868,31.272104216506065,105.21347531647814,63.38495716768112,38.17764382734001,301.20845575185416
60.30999522495951,31.68801331037601,88.9938969230916,68.18816886478778,31.92477445916071,280.5935557359821
59.31280119116199,27.940615169387662,86.56753264123897,72.93892405452942,35.084452841671016,296.73736643867187
41.607824767773614,27.561968879637533,99.48891858017109,77.30867700986599,37.14267475873204,222.4958057207017
46.907876241487855,27.837209060901895,123.45458038518728,63.57456839455724,45.24633508427637,292.9773441515815
53.31263431403564,31.972260711891483,110.87200309188864,81.94150855167618,41.57536797401155,301.80285216450517
59.75545127122359,27.895077595898684,92.58771335827788,67.83101119165946,41.16153946820527,317.12599082459855
45.2082576215471,31.448874284482066,115.43397421296689,69.8290616452125,45.105387773007834,273.413575994215
48.14341023336183,40.37700399322719,43.02914758739849,64.0223065668174,39.17576926960362,245.15321464702555
38.93665025993972,34.35562351715846,122.97531400744207,50.606077917816464,42.34278909957334,253.72893972209104
38.037933759193294,28.369882339160796,65.20572442443802,77.0723631708884,39.380669482405025,228.0318400113521
58.125258223941984,36.00606961081972,92.75118117193736,75.89475117673946,41.59217409639777,294.98225022695993
63.56240028570823,27.959623134892244,77.60660210747713,67.74937954305429,36.503448054330505,298.41638962792206
49.27989878419666,19.80937732411073,74.10637048558189,70.53592573779898,25.367097050341425,225.66892174816147
60.03532897892024,24.95956844541298,123.21653574757039,74.1275137416328,39.194325026882176,326.61426728254685
53.61636025047634,20.646040394870724,90.64597597376218,57.49963314490766,48.53648881659964,311.829557538076
43.54880245394876,28.24243257979346,106.93007763461432,65.76757858122964,45.55729241344955,272.87982530647844
53.61395605508414,30.092091895947757,99.06158842241632,76.35411743697462,45.792384907547024,302.33981214115494
65.38036566465969,38.382186561376415,109.54081654446243,59.96568461464601,47.41678433083731,331.25915978154944
49.64173960890049,31.634636868820813,101.53643782120511,72.34846345733304,40.53194554576862,277.76056234877336
65.64643655814007,28.90449735595568,74.3401555162286,59.14734556301276,41.183894244433574,315.97512975098425
23.802548959102555,34.14702790591745,119.9253363889428,73.73143985946821,36.2940886273939,230.1664232368666
58.21902504375224,18.944323454960575,90.12486833677374,69.71486814162013,38.1035628638377,284.80696476957735
50.870470682381715,31.178072790542828,68.86836202680499,57.078945472755926,43.69462689862685,289.0766192453257
47.009926495341325,33.85432596943483,91.43769678068175,79.31791483565738,47.223306623012895,291.1638288570487
50.91760776535502,22.607068771100792,130.01519581268622,64.1232673856156,39.163322345914004,298.89342993913755
30.124310853991073,35.71877021603464,117.00443484226986,63.51798050388495,37.29886441089153,241.05908364684254
47.80328112162488,31.69248203747207,93.02695731184282,71.60455357784754,40.003167753139586,273.65071225314387
53.57112571511746,27.923560430495993,93.01484591363142,79.18909879542971,43.607240493574686,298.32687304599676
64.77894044741517,33.163909330531425,93.56729897565235,61.873425448172824,31.33687110319875,303.2630065062938
44.81729781726352,41.35346428902198,141.53495967121682,70.49343879878377,26.22291428117657,269.9008906739384
41.91506397106812,30.909331275292477,107.63870904463107,73.43053200264458,36.6967789030505,263.9227965797297
44.982429564154636,31.24110293150168,108.60083294382139,75.54484485810515,32.67572544451505,248.34238317844256
59.15402117702074,27.70319550229878,120.60566908063684,71.4115324422178,36.951158814116134,298.4747437536252
53.287511096596845,25.75077815267604,104.77578318053027,67.06377728733342,39.11331808709517,288.44725468028946
44.70239796232961,34.15167908272123,94.81915708358594,63.37927823481024,37.28050954586192,248.0774058765292
55.13267433113356,25.719580870455665,96.07300301830044,70.689151064371,48.71480520682447,310.2288891700463
50.9707754934804,30.357831186096963,98.56797481171873,61.42288790411514,41.96046858761392,298.4916324083698
59.68644990532889,27.611712766174417,99.25555526980317,46.62919613204314,41.80284615766497,307.71980311535026
42.979469061226474,32.39489912873196,114.5525908727396,73.49247843326134,43.73324286426041,273.2529545354543
46.723378534022316,31.66831052643474,101.03891771614599,77.23147872868957,33.16700129331539,257.60382439485466
46.078918468678424,35.1876997212895,114.65280154431159,51.096540515665296,46.234670724521614,296.5168064492872
35.364850518678814,27.449918005726264,98.38566839782835,61.9221543623205,39.54541428078724,211.90932097667903
52.96120277064576,28.650625323533145,101.57270380632181,74.95323408804158,44.02288370344728,291.6487246743398
52.610552721798896,25.106181421088465,60.035986309357845,86.45996375769359,33.568856601759066,257.10020144638844
50.05113456642461,27.77853369961944,118.32655349404963,70.16634966140326,30.677447403903614,282.67236481837443
47.65412866624853,31.88650246522426,106.92976951795985,64.17597647016693,44.90733794815017,281.32292217896384
35.84629257949586,33.78494308322676,119.96020219719304,68.53682847116127,42.2584571565851,233.27036608983556
45.79354677234641,25.389173379111874,42.07489243612621,80.99901135318548,34.58769067385494,233.79058234247356
46.572854834732304,34.3480296005283,141.76749409561455,64.83228656700372,34.78202151235183,273.81273068845155
41.97722730778381,36.778189294024756,97.20820743689653,63.60646394679797,46.752608706488616,256.1443364638733
48.387142883339905,32.067174516118506,122.16365633475033,66.13805182254374,32.863528642796034,265.7268602058547
54.040508568145384,39.38397906279033,79.20188145748938,62.3733711339303,49.85603771953578,299.5892882956939
68.8618590121053,26.131054004482134,112.2554781012514,70.98136252795837,34.59627559211279,325.858420625785
51.74577812831839,23.776726483442914,78.93168873652688,82.99742766775648,43.830351553650296,260.3082212895285
52.57550390722764,21.106398755478608,87.5246207860839,72.58463418492823,38.02828914550609,286.51606237460834
49.25554084233833,37.480221557445915,138.28062707733574,67.9811719829897,43.61912458649406,316.8939356514582
30.812287847009586,33.27182828177029,96.18635198473307,67.66550984867564,36.73531598731484,220.51589142142006
49.73486124550783,29.722076645447725,104.34865746359446,57.494473530426745,39.023242563566235,268.04854089120505
50.60230209941027,31.399843131599102,117.40135461377508,77.06487821717727,40.24551505237433,288.9836983703918
74.63242112485287,24.372554763508116,109.91363775945209,69.37730242389759,33.98687526531116,346.7626196326124
48.076390352188774,42.228759898084135,103.00837810287153,68.556160691275,44.44494607252076,290.61119614866266
53.015473423336125,30.646105909876137,107.2992200493245,95.54486054275888,36.92071860117049,293.22087238419243
49.65288230294757,30.546973973024464,148.0683117047655,72.3900232669255,38.62840050795989,292.9078657893603
38.31321962380468,33.62883311949346,98.8476240593283,63.98567159923853,34.03390375234893,233.25123396991162
61.42822814515021,32.40504615868357,104.02198093429935,66.58913923035566,24.625998047228137,290.12047504320896
57.519330326867745,31.119420121395656,121.01308792015224,79.18756567357404,38.853833424398985,325.33042501094496
57.910319470430466,26.04762772277344,122.11051865915968,70.90616328430211,54.475692529677495,350.78266819847346
40.906125452052606,32.35734178567998,123.7406061112076,58.493776173461065,44.70762572738814,281.8944977402931
64.02794310936099,39.41012248237517,112.77460444058369,77.35383147660163,39.884437721593635,329.07827327085573
35.98148937207719,36.72710023077489,77.13990174539033,64.65484731568804,38.42265502475039,237.46432049046257
55.868570938002705,37.965933133196984,132.6686306460219,84.98638220974037,40.13479535687228,318.3072468103586
71.90455625809979,27.443921617844076,77.07309213962624,78.6403845257172,43.28271469105126,332.2047651244793
40.09463674869312,25.051975898707095,106.05270930478066,66.42142483472999,32.91512310814693,253.17421081601546
44.33702270397228,29.37106539950176,84.91448299961284,80.2481308938809,46.68593016801323,275.81920267313996
50.99651365087641,30.278624561443472,98.71723306814015,70.54284408421923,44.292287892647465,286.50229306070946
44.96524345883801,35.47095759235474,106.5752482060696,76.82218940097775,44.309114354247605,272.0066535140516
34.493365689338674,21.537676851425903,106.42714430900546,73.8778625383558,42.630854432858364,244.9211335396431
50.68562974806027,37.64775159730307,108.4384150847057,63.229146760073014,40.11769994616394,291.1433446315374
39.37696286273895,29.209960507105052,132.27422538117293,64.85160134146031,44.03716741580092,274.3152587667172
54.73592430635182,27.8655946502629,109.0706860302796,78.23968654064929,43.550884802448266,308.9579722735207
40.80575765766197,24.93947812369916,95.11686729418703,67.32179734314768,37.87575573435386,262.72679183455097
65.4993440501754,21.725716640671152,119.28174336576714,66.77081229406403,36.55838936261859,339.9711140809958
42.16746707663763,34.11585291980957,123.78940977849281,62.35901936520518,40.61113777157192,271.5257375749534
46.77938483794324,30.36658983594202,75.44784369726015,73.38879252474769,49.294120908971124,286.06342398807686
58.135172173696695,23.55019550129473,111.94800139699716,86.50019935394516,32.5653575460766,285.18499327646646
37.69135683566045,23.52460613968192,114.02345484621796,61.459736685965815,31.19484840548536,236.45476524052916
52.27459934604129,28.32107650354936,94.04872993280016,70.19375565338207,40.9885650474191,303.9183565966933
63.07142754282428,38.34510762644696,127.51413626623238,81.29776444332343,40.305326211136105,331.40154422993754
33.92516765438772,28.702043243181976,96.99888825934947,69.36286887003428,41.04004998622245,223.87870777909197
51.84633858532304,22.48428523440947,102.51152906943085,73.61897436999787,41.463719187451005,283.2013297796559
52.598827942484235,28.77128467957028,96.5385635143226,61.500851774824966,38.66078647219117,272.49100815557244
57.8182287177731,28.636382151261646,100.31158095162935,73.42645677766119,48.939180631612494,313.6412188110819
37.63049289121918,16.515566785292144,78.07449826209597,68.50284587996362,30.39457612914091,209.01279907708704
36.795433869157236,29.72852566741094,71.19898234811411,77.8858399654389,35.02901785131852,201.9881582923794
55.21941565616898,28.84532734895661,131.89010126449944,79.499088412518,39.38047143910572,310.5204238184641
52.96984673233186,33.48103182406709,83.06077303363344,90.71650913614891,30.140867133074998,269.7444327178288
52.504928503458764,39.244780474726724,80.17215301087386,74.63706538570861,38.94487357340757,266.41304736115916
53.46448209496975,35.632825147738785,56.932197727925704,72.60637053265734,49.96882099436811,303.990026374026
43.19975278421509,28.655556547225846,87.22076504620995,71.5550744126187,40.12531892977577,258.5681996205778
52.322536971610035,24.467370456291647,73.53820413185004,67.1746696575145,41.3842054343121,286.8109297056199
52.93072473298681,42.8667990162493,132.8403032027274,72.70787074769353,32.43901140896452,283.5120030797318
42.85648581973632,30.29609217007244,120.19634178685268,67.63678871888777,36.30183155176314,269.8165437268277
68.65774511144757,30.06964645956473,86.23699309644553,71.34768781015691,37.74882171805638,313.67003631472505
54.73832920911788,29.879374564449982,145.04871610688616,80.54078028486367,38.0937094194626,321.829239528087
38.08696502797351,30.990423803839274,119.63530973983188,61.94765947776287,47.689862770022614,271.17666889181703
56.5655360863383,29.278197940380288,93.50337232982756,79.11902848903236,43.346146364350744,308.673099352478
40.253183297726785,27.131689965598817,50.01188570252854,80.53692053871892,33.33125225837781,200.6720512049517
57.87084603742452,27.26570529379804,145.81885145181485,69.05545178407137,41.47902867059203,320.529322756599
61.58595579007404,29.836233648920008,72.20855066472808,53.02516080793124,42.98933049098071,312.81308586708144
41.7931768164829,27.282876144331176,67.09202506086217,65.13742410324454,46.8408942311276,243.12385139989297
59.63376129244322,26.435771086614178,120.45140864019281,80.37595637248887,49.483244119410244,342.7255393572378
54.12780926936498,30.532151138459483,148.79504812678545,69.81705550160895,33.90943484903279,290.9284435049508
58.2206015999449,28.725113912895722,127.68545637021036,62.005582141640716,35.13485493273797,317.2559849770825
68.96792982653947,37.51996494291345,111.27818240104719,65.96180063017427,32.4545328465123,315.1267132254815
47.54611883997129,16.74515095803494,111.89508683330573,76.72496021203642,38.59588084535811,281.3006610040782
42.4626383564251,35.45753425961231,117.06831117560615,74.37386854561103,42.798150246678006,277.7746804868944
41.10485570374477,36.23042596248815,115.17857179573531,68.08854320664244,45.92400709953461,265.78414902387544
41.841897150345616,19.63304883795925,105.62382847938751,67.06540470548249,39.54429385814486,263.2464590778676
49.228982905858956,28.286562029598258,102.08402207903752,66.86593480764942,38.08091486047093,277.49521211137306
53.41151974816644,28.142795670021044,98.74813744200955,62.62071852401198,40.91054795349244,286.04130531056165
52.766907993300194,22.962441526410892,84.92070822266648,82.92300551575553,34.98914259021986,260.65381643091143
58.27183249036024,26.110916562045624,94.38649846266452,67.42143624630928,52.53723233016864,307.4569544460245
50.13001891877907,24.447120772670857,66.1408637160923,79.73726816660397,30.35403383729165,247.66505676196363
64.53534077157317,38.761352217118116,98.033207464105,82.17052841537961,41.108443473374344,309.1914852799002
47.35343166762044,34.678391965737305,80.22817785698166,77.98648718518368,52.141637315377835,287.4111005565209
77.20169166589619,36.35777547497079,77.92821365568457,66.54703749825562,40.040799067359984,348.01629779942834
56.25667347765006,33.60836032021618,103.59788302306957,73.22984072269287,38.85976578999103,305.07992127884904
41.42842443583717,24.354741143913856,127.84004572689199,69.80643514887267,37.855327463137435,260.89549610233377
39.29107501938888,27.37739866860113,118.36633212004625,62.77038511415898,38.917649909425556,251.59721307356997
54.824724152431855,32.44687280613959,68.58998792753646,72.59487425377283,48.23709084805918,302.56205516006514
47.76537214674149,23.889360955540273,80.20743726859325,60.56768167072158,26.72882853202296,240.2080724294082
57.14000494092092,33.56499215086194,118.81542375976431,79.50143510769252,49.200602207777955,332.3904906900286
54.73237624573545,28.798373009209325,80.35025212923381,66.28306162161286,31.45625708529913,271.97744487050676
49.271710873431275,28.125895962252013,95.50733700005951,71.60927724698271,38.40008602459351,257.0132519374395
41.532062819315954,33.554799841017456,111.00104198049104,72.26630297236913,37.424533478208026,262.51366320447926
34.851527753141355,32.2213165574302,80.6331109027273,67.92876021036739,43.531319618624316,238.05846588817235
45.53485047932979,28.1951691709046,102.1075101229192,74.69355041180219,30.411253888697516,238.313982991079
58.56398794323472,35.79664901682124,73.3194901016359,66.2007707470198,42.77303599649166,295.45697613676344
52.14093744130204,24.594683362000513,87.97264712097572,76.97037837965796,52.145857739721116,304.3077784875599
37.542612212880115,33.07967803472132,106.39563868285074,59.23216255802601,31.820955972443137,228.12260008093466
51.73180925851182,32.96550628984192,68.14012532936661,71.0110366363713,41.138237005662376,274.88056411722886
53.85317379728837,28.452267803430047,108.80949475920798,85.51143199246627,36.02810693322034,302.33415045622166
41.16142563798867,31.63066511121059,99.60724402146637,61.997349403155404,42.55532323715821,269.2162126757439
51.53725105945528,23.744432118073483,111.04979908834295,64.57804023580118,40.11488666449451,277.2442341172123
50.58208718446,34.6201350960345,104.47828268129322,74.11126279727132,36.151078545734144,282.5082598885554
38.57029702169377,29.075489317785056,127.28280859947688,71.43665425551679,42.92723370922644,278.4960959786268
53.577873603482836,27.386384897404803,102.50449005295815,72.80504079418847,50.82608865872046,317.50612836126055
55.60784526368234,35.245046129184445,91.41188917749494,73.9134970411813,38.85457724963621,301.1484391309266
60.830512431752766,26.478281547286205,102.44595006064567,75.07777174849416,44.318547652889094,342.474312088367
60.53802052034903,22.957693518182204,110.86596058072776,78.87759873564978,32.24036225277302,311.7648618180268
36.22330632042909,22.216854132380483,100.97720140651408,73.2785492554281,34.261381739091945,230.17436909914548
40.62174960084877,33.0300497567282,100.81183382407765,68.06993876305167,42.834437667282266,268.3909257899972
55.1503526720866,23.597853237518585,85.96016624386489,75.38058960962185,48.90469617121579,307.6894118115927
55.13785950912209,38.77397090992182,86.74198164898104,85.19905547916173,42.13368009271396,293.2909599701343
55.150476863060476,19.59035296058139,71.94789456400613,68.93893002893941,38.121651816861075,274.15453914776936
88.52731490654722,38.48228184145019,134.9915348637388,62.20376556263487,39.995748432540125,428.70334260491245
55.70890510693167,31.05508733601309,75.1227352921743,78.85664535429578,32.497553596181696,261.49890349982553
61.35565640180599,29.516434440648037,86.14189604408185,69.03695068837122,43.6270919581322,329.7157783905044
59.54001763493203,27.275404565955252,85.63185468861604,52.61864363188771,45.293998373940454,317.0226182343887
56.51391251305798,31.995680571760353,117.89848753888883,76.77937341720337,37.28745800300152,289.07283556660195
46.84730755359654,29.81182648787576,94.10100643415944,65.71737451236862,37.17974711344299,265.62841303466956
57.589692204932675,35.516509410082605,124.95484145347467,69.27573374156671,41.59526937791229,297.4367710208437
42.27174785462428,30.571138243310198,86.53018751512263,72.65584264455211,37.37968158375643,251.0947806572574
47.63181393259991,30.75150880730939,105.57988324447604,71.52399743823253,39.60320431224507,283.74410687441775
45.14636452170897,28.18193893893072,83.29305893480486,75.67561453711231,52.598330734999095,276.358724946007
50.81874139386323,29.715271881394663,142.90298255546776,66.51610903544125,38.51784579552402,302.1788840099274
73.14658566673509,31.539008844460295,76.24803161940974,74.10484638540866,37.84995908787267,352.8052653231583
31.32734807408252,21.449158036716874,106.19641420454055,67.92362657932867,36.11474916618904,214.25228261427654
56.86260190374514,23.259072889471433,112.67553761864197,75.91048384710002,44.46515182899962,305.2668023079896
33.87284128810349,33.71632047011357,108.27598194902997,74.92293987210442,38.912654960691384,248.3984587848342
45.280681342105666,30.854327190639708,96.29424682244583,62.51649038364324,36.10376177007144,275.8225628829907
60.889505969673664,29.080083318236603,97.40358600533148,78.68785692940025,47.927824193638074,327.2629160174413
50.64280019095463,30.092169665326967,100.87622943958219,65.71229243908762,48.517618027081824,309.5163817009022
39.22255222070694,31.737908526808354,97.05995996743023,76.46446238624917,36.39745860556777,252.4073130122803
42.84696290740032,27.301201598453193,119.27758233589819,72.93829850721073,28.800760291836305,238.3563581484388
56.79597748934676,26.108476372988438,144.21046003182704,84.70546941436098,46.04508213902153,329.7302684083182
42.69633368282864,30.979226275488408,88.85016429984333,68.21227214102518,35.892221045439975,256.6072704208349
52.16458589581975,25.10813611192484,72.60394040841845,67.20546563105442,44.74375359497661,299.13337786870676
50.45571839903814,32.04126377857236,98.23435903297491,69.84464315289814,28.179377093728988,262.4718975028034
43.483996523941826,21.4870819788108,151.59418675308638,67.5745617373258,45.35558402979586,288.16210747293985
71.43944089325325,35.14577818662822,83.92650864060539,76.3995352155364,32.73296842431532,341.61812496568746
56.33919022318011,32.362987412065216,132.78233610888134,57.0695151325073,44.384584714399146,318.86819917465965
29.74857413342393,31.28014867156938,133.55401628152882,61.570540646829166,40.08563840701861,232.8426295433589
51.86454314769428,34.91345491972757,88.9282351658401,61.45757662736646,34.27636348362013,272.0338523381393
43.38213535231612,38.32737222231288,111.37966158370551,77.60246073578861,37.55778212243932,276.4934053008275
58.52433334796224,35.07185032509065,132.56793246257075,83.6849069806554,44.117910741740204,338.6325475241748
42.07479261567299,20.795628843341774,92.41744518025025,69.16440625170023,40.63536671869141,257.85248887814606
48.85263558533101,23.602115166321493,95.92839279795277,68.64942621447992,43.50647788283491,286.16794422182033
55.049872789804574,26.875907111521606,88.36638172102712,70.56041730490546,51.858643507092914,313.4852429305478
58.657551941701215,30.13045525105417,79.70486538614267,79.29502642086553,30.614550329733692,282.6355843228274
37.997035929442234,32.58829510234561,87.01444909867986,62.581174926475406,49.70327544981174,231.6092824603471
46.654987641590516,26.371280934232672,75.52119466475487,71.90695186187828,40.62613562513928,256.01175691672955
45.25054688839044,30.93383382238539,100.68166936518452,77.80158103825944,34.60729571006123,257.7202861170539
43.46670767426288,26.22308533823339,84.60053537882716,74.00875335951876,32.01811824556606,225.22648636713927
67.65454240281096,26.942410985040258,104.67571823581495,71.51665293278995,38.8652776553378,336.89527481513153
54.049817109609556,22.96669451575889,68.88208707592746,78.00836874053712,45.529900671546756,285.60558400002475
37.391160456649544,25.38383376944548,106.61760464428914,48.3741416560061,39.2347052777348,261.5064512307177
59.17861947054776,23.24157697191833,116.6705792321785,75.42300255624725,49.06692958148409,349.7352044428493
71.22156197012633,25.120633735113337,60.12528714857089,64.76739453498061,31.292945859690647,301.6551655128641
60.32465260551147,35.2682089830392,107.48113139695144,55.35493682514834,39.92746631292367,313.0610790251905
34.80630034045987,25.253005555840286,124.55337984946584,74.08962079619985,32.485639333521284,230.92739395707116
45.15765927133749,43.161910324186955,75.8071796261759,80.98926836130366,42.181791295749804,253.2235554570038
62.669111491866225,32.466589504404446,133.45144773675406,68.90041188297846,45.3213243405838,347.3259568654246
42.92330534381219,30.92418061847437,108.38038018732091,77.62299637762351,37.47542923791368,250.3281439120485
54.43819428146229,25.708211099093933,85.89976288483183,82.89822606390916,24.374716860237193,243.70774465790188
57.74634053429337,33.501549397044954,98.88461844684588,80.51931562867237,41.193688880778964,311.29582082686363
40.730695284219166,27.12181086881113,111.16653825043444,83.11971623497115,42.62043131040106,269.3115134408949
49.404746439382,30.610049073226808,101.52010782824823,75.93701992857514,42.42576852977019,275.7826726952106
17.58732659930927,42.800422691343975,110.77511984892739,70.60346911121275,47.414693150932926,211.93248033188337
39.756123586657104,29.51970050137675,81.58652813841267,57.184273504822656,33.57367792210571,220.89321338173573
47.4743184860684,35.74636663142838,103.38721648072156,68.0315000949604,44.081296632702696,284.8108093443512
37.52216818035151,26.48411787437056,71.7257100619004,63.25402723747047,47.15504507486785,250.94288984786496
66.32411303931636,29.82505754751519,97.775478773026,87.36754173998251,29.328474495960897,306.18090184934675
35.69858622039367,38.85400317817755,81.92184717070421,68.5929135005413,41.91791095551386,236.43991327897217
45.599555133030165,26.865164711061162,85.28940114820466,70.98563845427589,36.974921013953974,248.22891156222508
51.30740577286091,39.062242789984644,124.72186350420876,74.41188300832374,39.51086396139012,293.34021115918637
64.41273289066116,33.538759677277376,121.82620241188538,70.34881957097963,42.08605890123002,336.26482337158285
35.6413784882056,27.18766612052866,112.18276241814354,83.56040832344603,37.07662861531868,229.70299043892356
61.63163752154959,33.1620386952776,78.15374470654842,65.01880510612439,35.94575152503033,294.0955463368258
50.10233061019587,34.86277224813365,93.67183100610396,71.55685964189794,40.20491450492815,262.06655335485846
40.18491348952049,33.10904981108598,124.26195399958367,64.06023531441562,33.476524366823185,244.72722873057864
54.62103474263271,22.148876400547717,102.83433827279809,59.439819910234355,33.485049226688886,279.40161688397825
51.9905969557347,26.364314120875658,146.3865907996339,65.10584727275771,44.07623969773902,314.75576813754526
43.99783122841205,28.762406822242475,107.86635678788744,69.7037056236127,33.10723578904806,249.72616919856821
50.69802084990019,29.62783285449977,103.84098232980062,66.56558220386192,43.99787500545527,291.39266172691015
46.1468640313824,33.10336048775339,93.81767071594997,64.46063216100916,42.775547757123704,275.6949381472303
51.13517345251248,30.888505004666268,102.67081809564564,58.74946029062533,29.64515962725642,272.7764194011983
56.62130674521047,23.323278206449494,96.95060327238912,69.33515541897044,35.93461208598607,283.71079377531544
65.86016816145352,31.900989255029817,114.1621735337718,57.96223700775198,47.16465641828424,336.95889553392345
37.62184501173151,33.05292872641912,119.13404633589168,76.08044770951682,34.11300681316191,230.23812770703313
71.33033374656267,32.7989522396552,84.28021078984101,70.65951802347602,37.21357442614367,325.6862262749466
30.479122004774982,35.40390362777311,73.37534092884444,58.33958800428056,42.772365359511376,210.15055401960484
48.482149049644164,34.16961077274452,63.27589253793407,67.52632738360109,44.70034305569557,258.7851188673161
55.883172064845766,32.29590039614219,110.15982653825087,63.98274875527534,38.49076668373303,286.74979618862983
52.809918677350325,29.649171442706766,77.93266787652253,72.55339608335345,36.41493883185015,265.6647593592707
43.77300480179406,21.69519533242004,56.94218814095034,80.72360356818515,48.534219170191044,258.67281301737916
47.918777496427246,32.14809109566293,107.77157209061929,54.99862024283404,50.43339798278547,304.4592091585179
45.06999065341167,31.038438435815557,149.8599903486558,70.92020863317934,45.87314830469077,296.31203321286125
44.106352430557884,31.357894185976868,99.87858176920213,68.71893763546687,40.511908855390146,259.1521876656207
58.496020970210246,23.616257120898453,116.76981548903284,75.37072061160373,35.15040567015444,294.9067989069829
53.57015485965047,24.594717297958688,101.6365871709513,71.70557302590151,35.01733356066061,281.2490335820005
43.070904047393455,35.26576426666452,98.02220693617714,63.984245346089445,43.135084631594545,256.0096985315499
58.995998754332504,29.802224230716725,118.38152965975537,67.44756851466705,42.5103893253321,326.9308178759514
53.072995208766095,33.40750348686312,94.19450911622697,63.63179314557209,48.409591557678574,285.27675838042785
58.1286211883896,30.141591880652307,105.34784628143805,78.60805710878878,43.90270055521683,311.26889109179683
56.29628841923612,30.148780697478728,106.43395612392027,70.17049318937553,30.98151818944109,287.07995309046805
41.710049890779274,34.69141902987999,86.63819092713902,85.20952548602406,46.311685706337514,262.9109617118074
44.39818959803031,27.41977635891313,119.84084699073045,69.51471348948303,34.011636236113524,288.0686014014882
57.472936051232615,30.480603884704916,96.50080486609183,64.3327458647163,37.69617236828589,299.5595555689946
56.10370265433465,27.688623556474788,84.88509681014311,57.890284859097385,41.501201237510166,283.71551287467577
49.79098406035852,27.82751886283842,110.73019687140807,55.57488258995244,51.974004938703786,307.7314180232964
51.17327383308782,28.454139382656802,82.03064036417925,57.326912455956084,58.65951133603217,294.09170101875293
62.77664895788425,31.110668858168566,100.56362314738257,72.13701320809187,43.640338354817096,325.0864376640106
44.0842861116417,27.606256891682612,99.81762006711593,74.06980018583947,38.900820287677675,251.63274837383088
55.470973811700375,36.278780627867604,121.71791131663156,57.350474383742934,43.2070338908833,322.83984763078513
47.97807347566106,25.52696348890248,109.49396465759905,77.16030651260893,45.325932555243014,283.8376651203134
47.8231879677278,29.065641779193204,99.49946082509712,66.13551158653249,38.07599424665685,268.20362365109315
60.9877685198719,27.801344708629124,116.35532598400574,71.1743440958844,50.77126813547393,336.3279264085224
58.2541634898803,37.23488942176866,127.80415098034626,82.8977650260434,41.380424555148416,338.8139285886442
58.135096360006386,30.982773882557872,111.15620612703725,77.17471452692425,42.98645853454836,312.7438815514554
63.05478807154329,35.159222697343175,100.20705239686761,67.85175481675334,43.99554551232677,345.5845518725093
50.21003841632759,22.57219813481514,73.7632753529968,62.8704621966777,42.529519663686735,280.7123098740373
56.81952971294964,31.335251329346296,78.69772673849255,52.78547678936556,45.03364300281767,304.69540578708444
46.89733243406544,34.44815397811718,93.89550591290664,64.24677344606064,36.29648088071846,263.92004349326174
53.24166352488442,30.41141994637712,87.80975595681434,68.31095808937845,36.65018947632382,280.8682204878706
48.698569456323156,35.32740187532676,96.26057394029108,62.102563782790526,33.39907460216983,241.74741874999856
50.96995964992718,27.41355774949814,101.13299849794214,68.94994426326156,42.63700738372136,285.9615590246878
55.95157025436914,37.0467372009279,110.59385508713461,70.61481506367015,44.67361902107268,320.9504560606633
41.81779316766527,41.49449061809625,98.59002443881818,68.20115214553537,42.746637196911315,259.75269428148647
70.9238727568546,28.185807197801704,109.73003287652404,64.79997935341233,50.04695460008522,353.6786454409605
39.93982618500298,27.77248739299614,101.2894882962024,71.34923737573382,39.96642388702572,249.8730259713869
37.85811387212268,37.2669223855885,60.490668672922574,73.53552519655527,44.012449933555075,248.88563098249438
61.581108735000676,37.89786072865356,81.21329212362491,61.27680738045723,33.44979474316411,304.7184789084899
57.91662693962936,27.385699864233658,97.1182488855677,81.28745903797017,37.67740178515359,297.0437687383188
56.24119817052155,27.899065914520712,75.80610514317785,69.21129494172591,44.17322654539466,304.4875929445238
56.2834550926428,28.591076955697464,111.9985745999241,70.15079698355878,45.094612664458865,311.3738077031277
49.87753227153085,23.277747444828613,130.61501664687395,75.66571538605245,38.236198314014906,274.3737858977921
41.02745628514168,25.40674026757901,124.37523703394633,71.86572905010802,39.5704044888516,255.16613646880586
50.75804558193726,24.97929616623966,95.73114258139584,77.62509307130595,30.892757519915143,277.55411076142195
43.22838288487888,26.161012174479357,129.81452273699904,72.2969933216146,37.85782479516034,267.56812879516383
59.75119733417751,29.826575563066093,102.97334914404223,65.1005010028765,45.34229898111872,318.99102474304095
48.52942618497861,31.171073662682602,93.25828057763921,72.89202820164881,43.4512300966394,276.12149707428546
41.745028032074885,37.75250246407038,87.7319467291812,60.850190341434704,43.003994328287256,274.1504120131198
46.78614158347007,25.008229796306047,93.95060627023743,70.86847764621218,40.29864212308576,284.1906012853211
54.12931454275624,34.92161199238292,92.23646362917543,69.73416007484431,40.04237895176906,310.77873568087585
44.36275447196025,28.930055778872454,103.40832444750976,68.33506514181968,36.03807316315932,255.27811986195377
41.77779604433569,29.752681451737836,103.2114796209973,68.97169990848856,44.19297052121521,268.2813138734071
52.436872114919126,33.37409746083302,100.0609204030683,54.945207636018885,42.525837666336336,277.2263263847563
52.44966571108723,24.386389892188507,108.73876339492699,65.61020073807231,42.952113087956796,312.39194926782153
44.9305682462887,31.912048730920255,123.81292549572683,70.74275920912892,36.84379094399452,258.70795386203923
45.289616943816775,30.83226104106528,118.99108270882647,71.27885113597921,27.079942480772534,251.6920327850349
52.32049937357636,32.462256320040744,70.30204063100193,61.77859887259233,46.582916270522176,274.30532570094596
35.51915658502676,31.44584321953909,48.9215773019609,80.12566272691761,37.126975263949575,199.3835406665729
35.92536225623445,42.276500699554475,118.68639822478548,63.070601214284,34.82334541574127,228.39335240208163
42.81555778747564,26.81130007874342,72.66242603169158,77.7556576042139,44.16087347148396,247.02088071448244
47.86552848288153,27.345015224990913,95.50469196214632,73.41755489497348,37.647924160485225,261.2535527191984
53.10907565598005,26.88429736787618,76.59773947881281,64.83018152124957,46.359618304279735,284.8626453666553
64.75356216949552,27.222614404198726,63.9603912483996,84.2024871408761,43.70203569746018,321.9782926454098
58.576596232020194,26.81306436346741,110.82925456409576,60.45090534594816,44.101415939202866,308.29861992588894
48.40061470036573,35.94508265553776,115.18310320605293,77.35323338888001,31.804265732796793,268.6073414398559
49.80983792097311,37.102521239949276,88.4697919854656,78.00465854434383,47.2716639123184,300.38732910334454
39.97470635362191,27.14626853125262,48.179154157101806,64.63503832738684,41.56750318740313,222.01673886908895
49.8148686400761,25.838222134478855,89.07511103495034,81.13972240051463,37.78433716452278,262.371646859273
47.11341361079862,32.35707778193202,107.83608010805094,67.99962788320838,40.860330804053504,274.6736962427259
53.227185603380896,27.238884778595143,70.42176862451743,72.30954903423886,29.34258860261008,265.37487041122864
41.727690564476774,33.164659088777555,103.66719839558311,72.08257471016977,42.45191686888403,263.8615809385235
55.193465142411725,31.0146151042565,99.69380301654009,68.92553006823562,33.82377095090757,277.7626958912444
65.32738913002578,22.42127942501384,111.58582999202177,76.48646618527826,31.88397828493879,320.3818054678462
48.91239851543143,37.737526006650306,102.39160736828306,76.34790976441771,30.865844882692652,248.64176749745687
54.01711722098941,38.97938836547761,80.53862118236889,56.011744214094556,46.676130249939554,302.48651785846124
56.90143991711113,26.93605654757807,123.93143003328983,80.43472194302522,36.22441963784327,309.2049471206825
45.987795281141636,28.061492200320078,96.8294085394606,56.70006409571461,49.202366259498994,281.70473792076433
52.24092481810417,31.429326953624525,99.45390920980137,78.26036963473325,36.78519122168621,271.6342535181133
50.12592400781795,31.672283949935125,81.33464081853609,79.01364109462067,29.75585225444232,241.68998771877196
50.97676098548832,33.29272136336415,91.13435497616979,61.27226855827841,33.30085336030805,270.4473405286251
42.26990216144534,40.05102269383175,82.30394571946198,66.71348569636332,47.41486972004163,275.08122380904086
50.245101742589426,29.11526386252975,96.54107880153154,61.15436265211251,39.06461093237999,270.76198902300604
54.979982912454496,26.00851377730773,134.23416960284686,68.28063175769012,36.7102762210564,310.0614530164146
64.51143607795042,23.103403859927365,72.56197714137286,67.53572572651407,40.96010935511673,290.86524532875046
59.59270826085207,26.345349800290403,67.72877204246518,76.23728425815472,43.01069641700527,292.8177263312274
71.53182457511556,29.834365135631014,129.42340654987217,80.48246996895686,46.70439289541476,372.4053734624033
42.326524371119504,38.97278931758894,95.81352645696268,81.16547048631965,48.69099537935756,263.17149293073663
58.723206367206785,27.411943504819142,86.61854522680167,65.50265578737358,37.84138812526548,285.7966042176562
51.83342005738352,31.118939758194493,120.79809374792153,68.32622501004377,32.04371388350777,273.30893924843804
71.89802933217672,29.91788551963624,87.88768920526272,56.5324944622324,37.519209033260346,337.59827794894596
41.91701714644849,35.94196636724042,136.52019427093873,63.55303946803049,41.56168303949732,275.2612244697457
41.602781578192236,42.63466212936811,113.55851742678539,77.71881306477967,34.21744644273633,227.64018400019233
44.00607354555978,27.345656135398396,90.24177183708595,82.92466258838586,34.25709451062974,224.44629405013112
28.76104275690193,27.55280278740889,143.14616426531006,60.125209024960625,42.06272728929931,235.9130132033877
44.74244978319239,35.22080438534536,87.88570153993324,65.26028592677685,39.708085890577294,262.1632377612339
42.40867338446302,33.409457448131555,114.84190744018613,69.78875394432859,40.196781972469516,237.56548939116882
51.50393786476208,39.23353662868017,105.98585160812983,72.24128927055685,35.44902799179958,273.405493620434
53.41755975777159,32.91964092662982,126.03482578797596,63.52317184062683,38.61759571476539,295.2428050316594
68.76170839215887,28.203539546064704,131.23022393453707,73.39248835571271,34.454601134390174,354.69281719461
59.5042383818605,32.95327415346155,100.64008298131533,66.20928522343267,45.34119046674872,315.664919452608
44.23096344337597,35.54351790291454,84.93164259307633,69.88438183297377,46.211496008342515,271.41159349076037
41.01585328651642,34.10241090598682,109.19944285878233,74.3702739840296,28.922872826571435,236.90559834295792
54.919191715065054,32.53637015553649,86.44569260495788,70.05137815848751,34.42293483884554,255.52062632729323
36.797667929793576,35.33337344794577,140.26774495053246,66.50891287578744,31.020824469459527,250.25059736988337
68.31458765854353,35.84647795222836,102.73070662165475,69.12312156859335,36.09985639355861,330.6627941281381
61.79440120721287,36.91079495518763,92.69356897375782,69.29309632635731,39.49937218125783,315.8114188677791
45.30824347895295,33.24354943794821,103.69360611729817,67.03991176094299,31.302128681808817,289.6381679234888
32.868654709091224,29.164409598415727,73.05747420940607,67.92963149866318,34.46884112124812,183.23125407948703
63.538723741654124,30.733568432166614,80.56771922978697,82.78917736403774,33.976255767511006,316.09950887248897
48.85460154747382,36.03254483254179,124.00827815888852,74.4873555835299,41.243603976393665,288.18067648064954
62.378163119734616,25.91532164506382,86.86211442057208,67.63615745576672,40.4160660222175,314.270967657955
34.05572341205633,31.843366544364507,79.0617803463612,75.57563523608589,35.66957467997648,212.58208731629014
44.00624977046227,28.033305938363196,110.73305505054572,67.32944408195192,41.06092523283639,265.264763968352
50.05243699718183,30.143724114674086,123.71408309325994,79.38499710069313,36.71991949247641,279.7558622407407
50.46980593764742,36.39225931303649,114.37906621330134,72.95713753758476,38.37006933804368,288.63417695141044
45.49934528520756,30.955495340099517,119.92095371611633,69.14158284796616,50.04071254179122,281.3682008305465
56.228499323474985,30.232182740780743,84.86409822861079,73.58173540648222,48.04276631074209,314.7088713814322
39.32379570617405,23.200719295100406,71.56378666516312,57.432990783452006,32.202512578434416,213.99636155911998
48.576205149787064,33.731267830136105,130.02667303910974,60.98586024872156,44.97839450727505,289.3980475930626
51.20295631711899,33.22742090570538,93.54640322315728,60.448599948807555,44.86837932694955,285.61870063687655
55.14438834058749,40.8162736165273,94.98333967089906,71.14354475810966,33.11042026748429,291.71716756080633
57.1161487808889,28.461108825234994,126.56388283698115,83.86011999588074,44.91266586252917,319.1023686160534
38.75357908162131,31.095751638319694,111.1246001880132,87.85040116954106,49.22759151047532,273.86275654191735
34.65885829264378,31.246918418553776,109.11775544163216,75.10440881152606,33.264731162533515,217.75535216665972
62.77676821898509,37.887266398817374,143.30004689802166,74.00675579955566,34.49498307391442,336.5495127530312
53.323140119795916,29.523522338065238,87.12963539239715,55.59153812677809,46.10596880106102,302.6012530456104
42.51513463443446,31.395107628851697,118.55680256162475,65.65860960212783,41.62897186495389,288.56783724698766
65.51151975522524,33.0394825485827,101.14026249794169,63.69772998473409,43.30885765143714,331.9667663625287
51.156746342928585,30.93304561578179,105.37184557726513,65.03321921399107,42.04353529840298,296.9297804618034
61.792971840638266,27.767831927247357,130.56936852825064,68.65484945132168,42.344175525568865,336.33262623256724
50.67518481410109,30.97044996449154,110.15671512579247,66.22327537842298,32.0411672301335,284.1449642840966
70.60747924881987,35.36815874929886,110.76592158099265,54.165601516993696,46.283906239728694,352.5848871403261
67.55340842443204,24.8674235029447,121.45014674619604,75.98328204894027,47.017539954566644,364.87043168430023
47.51035851520926,30.66484837073438,92.70094540914229,61.418055794081546,38.62365553559184,264.1818863602158
59.71570950954356,26.499395925304135,83.21580665321987,71.9139749128892,39.739138301116824,299.5914266863893
56.45375949585147,35.97523314462421,79.10381611957934,86.59266135799979,30.813354984665665,271.45742136115916
63.68631557532349,22.384065476081126,60.67286821247996,62.64492326730861,43.085528536107006,310.08884186869125
40.35076539419896,27.205390763642058,141.12414259880643,49.757699818029366,43.43234465028486,277.3167663513503
56.86051459998439,31.886059375322603,77.93583268556634,67.71196622495911,39.626853898004136,290.9502997704499
60.58424486849588,37.827620146171704,95.57492752828456,78.80767707998857,46.74612015922302,338.8136192636978
32.41260513576886,29.67124869463506,94.46373400222159,85.66677963376475,37.995536614120354,230.31525249281026
38.16741487334225,27.22400236653401,106.14813395618202,60.16360324438067,43.3876355553616,263.04312863380994
29.607678222398995,39.40578534720295,116.31474425078594,73.97359378589218,33.88201396784731,210.1890394680459
47.305931655554424,22.75993049791878,117.2094697671949,66.27751634575958,39.85868709475457,271.34749575748657
57.17542255795962,19.00597021689959,88.33845122862124,69.15241316556691,38.95387445258299,303.156247775733
65.02357052096028,32.200072250266665,96.65756572427178,91.15474677613628,41.35184753224565,334.8636574148059
50.74094780419775,27.489728878236946,105.65159900976599,57.976237372838774,37.782838426999845,295.34102652898576
66.28615545571292,24.893835914346433,95.02617747632905,72.0299172919566,39.21116442596999,318.754077697551
36.198985417851084,33.541782236496765,132.14691152039984,73.74154537412346,44.95628302864904,262.28749151744773
32.96617560644845,31.219003568855996,109.81949903276502,78.68629059951478,37.379414576570696,212.17226386361492
49.44452301103381,27.179606846316357,114.69755572099635,70.78386522776717,30.360537395567924,262.4787106241267
53.840654489393074,23.59847800664553,113.25762537334825,72.46440431603281,50.49750342523252,329.1114881111129
49.67305251905907,34.36228664140072,123.4694771497065,66.86681146062567,48.28872447214292,302.6663912840343
29.325578999601234,33.251005889793305,103.62043117407414,72.15301552996085,32.246423829366286,210.68459819658156
49.10879960487212,29.504120681103085,74.06336104088307,67.25446179602072,44.138246831471164,270.7295419380221
36.95530499495147,39.23318498023833,107.99375903505283,74.97257511884841,36.982151376691945,242.06766753798033
56.69672548830039,24.649576168369236,86.97286212416341,67.04311731165093,41.58092329198636,285.2615402127989
53.66598246096848,22.372374145376305,89.42766636500487,73.01680315121749,41.765344774080965,290.09456460990884
40.60120213672645,26.540459650593778,111.72728037510187,69.76589749052017,38.59355319810207,224.9429932849272
44.861330826633065,29.77206991822251,124.76566142867271,79.00840200617735,35.29740600648162,265.692673625579
39.40786478111048,31.21669724661346,100.42543153472123,69.58885021129211,35.856753686102444,223.84508504574552
49.37320902726828,28.79381971071835,106.17666025197927,55.815740254344945,34.502848507112546,282.27359938748776
59.551423205012384,31.760276982571483,134.04429889270477,80.09537200571194,35.00906675061733,323.4686260902693
40.14273953664456,23.74230287904778,104.81506358977137,62.75414159309905,39.59693025970387,256.6963207438879
55.040465155178445,37.2188230203663,152.0336622836079,64.76986929080944,35.70544006533549,327.7591690096041
44.69742381627559,29.589244108037157,111.31019291263088,65.23470964765207,44.09231239427572,268.44282748544526
42.07127167737656,35.58647915794064,64.78474481688365,80.99550474536653,48.92347693201556,273.92677328375817
48.929696400454425,31.71362673188852,115.06683242209066,52.91460628817043,36.51968055177974,286.683782158572
39.64757677580626,32.28376609576892,107.62316769765556,95.10198826927996,41.43642700321226,253.26161531048163
44.46350694652818,32.84883640116102,125.79505508165491,78.44845447252841,42.998110661817606,293.6404711758766
38.021221074111516,32.23854280008658,113.46362702539916,71.78591131303328,42.83201362551564,245.3965688619491
69.6472513291639,33.21361379933772,97.23088032032453,69.56084799506971,40.455731607496524,330.22351574737024
50.35263551971729,36.64576265066216,75.51403527421269,72.28443259886126,44.45609451015834,271.64121598417785
43.00274492007414,30.98260584850735,95.8195348542795,74.16897942703471,42.893493716083945,257.41521253888993
52.13979910734222,33.54501878794256,82.989590915814,75.16172468760045,32.57402546603621,252.49666728440354
48.8767195030917,29.551321528563868,88.38953100390555,74.44483572802758,45.21493638633564,293.4856274548524
47.79030400466777,37.200586077247365,111.7715680884122,70.716645450042,45.32374502360045,287.315642101712
56.14166700043425,26.61803848970365,133.39809008702812,68.42129263754138,35.42028337492851,309.4896624782426
57.57507710047305,39.004702164554075,107.89343059645962,68.78981373077191,40.22762701268561,301.4236869608834
44.69498852389472,29.799210246778284,76.0823387592963,68.44073375717855,44.099973956866414,242.12004985957995
44.2418175935532,22.84612448940976,108.89205336440281,79.07016077493651,38.74411708252383,267.3602872118229
47.24948302848356,30.640522074553946,123.93262973291303,74.7484537782469,46.43786828659607,277.46795077090155
26.98078835264415,26.594741712625595,87.80434191361236,46.476890922685755,54.18323496771616,232.52466548931625
34.84808937801448,34.20321774494362,97.31965666654165,75.24720621223808,35.284083804190104,210.08911368736636
63.66874267444525,26.736880103488044,100.29376389458395,71.5578895577502,31.71373238107735,324.45333472509054
66.44967713501283,27.769082833926102,84.30203373835519,69.85032994843282,41.822911573629256,334.2594986432218
47.50963960443622,20.552296345272346,112.96560867687718,66.89185237528892,44.329375030756864,288.72801112597574
55.765569630557664,27.738468403754617,97.58103702784437,78.99290175988811,38.614801756931385,305.9538976960047
53.112501545435364,17.88060336685522,108.39064887814055,77.58021169698286,48.71956397992621,302.50879726057144
80.78880808455239,22.080485882571384,82.25015644395799,63.81697865741113,31.968365201660507,352.8630266656581
61.195749114345766,33.80207328072149,91.25083399353178,73.25641829699629,44.15751173818967,319.52579215336965
48.72082408519233,33.92900079325416,114.44762715655543,62.22674612366971,36.36483507544664,278.7561567980847
40.44459559399574,32.12728780892483,92.54333695816466,58.963054681688554,50.31626743724378,280.96152513662474
33.93553679742428,25.165119284353935,134.5392770246681,64.98626220328028,51.95509211900871,280.3113541704223
52.03463635867223,29.7614432192901,92.00727628770795,76.89914777906208,35.40006047329992,275.7949047947207
42.436492547156966,29.981987304547157,104.49369451503772,77.6250003630087,36.70265718454852,236.41276490580384
35.77746290402326,24.208176554037287,118.65181663746179,74.10468336077834,45.15752732187881,247.37288872176364
43.534271157574736,37.51699150883575,71.63268534133937,75.80076629478398,37.677216101262914,240.5464990099625
39.18451996385605,34.386811452878355,64.78382376038448,74.12942629691966,39.72753269240657,230.33426089934002
66.87141635072564,28.89517913085168,69.4868737085981,64.86814723821638,40.15233052325446,304.36030970624563
58.816397569494505,30.134429194972654,125.25168206854364,73.45538035739152,28.48196106281406,320.15572262416765
49.92027358683383,31.04191403973776,88.96283708215107,76.40327620182146,39.91697352343458,289.2401269009819
64.79944138890026,19.791325657878545,151.16398571336504,76.03433063850859,35.861633355614956,347.724766938538
50.77368307647618,28.764113087397014,88.71504802685223,79.51130697179714,37.04126306560137,271.4814679868948
41.38715798671736,26.590078760011007,103.69102606394074,75.66643077760851,48.66179202081288,271.20848133473675
65.23124077269657,24.991899950525422,130.8421990513575,72.81158566033267,32.46095863432446,316.5175545121951
55.38910043684659,28.594498535570224,140.12185776318245,78.56120190653142,44.879231120487866,326.7614976182953
39.62753845673544,38.988432634247616,141.23007153272795,69.78782992600752,38.32622241800915,268.7276213740161
48.09661321916392,33.20421430633505,124.16732461186285,62.94500279017826,38.32143898902499,270.59877418665695
41.24381746615243,27.144105051086015,120.48125051622925,68.69546428844988,44.742231376310265,276.7983045816414
36.172002690356635,32.86291390678079,111.85053898402366,64.0407788415484,42.040307767413346,246.96930260966096
